--------------------------------------------------------
-- Archivo creado  - lunes-noviembre-23-2020   
--------------------------------------------------------
DROP TABLE "SUSHIFU"."AUTH_GROUP";
DROP TABLE "SUSHIFU"."AUTH_GROUP_PERMISSIONS";
DROP TABLE "SUSHIFU"."AUTH_PERMISSION";
DROP TABLE "SUSHIFU"."AUTH_USER";
DROP TABLE "SUSHIFU"."AUTH_USER_GROUPS";
DROP TABLE "SUSHIFU"."AUTH_USER_USER_PERMISSIONS";
DROP TABLE "SUSHIFU"."DJANGO_ADMIN_LOG";
DROP TABLE "SUSHIFU"."DJANGO_CONTENT_TYPE";
DROP TABLE "SUSHIFU"."DJANGO_MIGRATIONS";
DROP TABLE "SUSHIFU"."DJANGO_SESSION";
DROP TABLE "SUSHIFU"."MTV_BOLETA";
DROP TABLE "SUSHIFU"."MTV_CARRO";
DROP TABLE "SUSHIFU"."MTV_ORDEN";
DROP TABLE "SUSHIFU"."MTV_PRODUCTO";
DROP TABLE "SUSHIFU"."MTV_REPORTE";
DROP TABLE "SUSHIFU"."MTV_USUARIO";
--------------------------------------------------------
--  DDL for Table AUTH_GROUP
--------------------------------------------------------

  CREATE TABLE "SUSHIFU"."AUTH_GROUP" 
   (	"ID" NUMBER(11,0) GENERATED BY DEFAULT ON NULL AS IDENTITY MINVALUE 1 MAXVALUE 9999999999999999999999999999 INCREMENT BY 1 START WITH 1 CACHE 20 NOORDER  NOCYCLE  NOKEEP  NOSCALE , 
	"NAME" NVARCHAR2(150)
   ) SEGMENT CREATION DEFERRED 
  PCTFREE 10 PCTUSED 40 INITRANS 1 MAXTRANS 255 
 NOCOMPRESS LOGGING
  TABLESPACE "USERS" ;
--------------------------------------------------------
--  DDL for Table AUTH_GROUP_PERMISSIONS
--------------------------------------------------------

  CREATE TABLE "SUSHIFU"."AUTH_GROUP_PERMISSIONS" 
   (	"ID" NUMBER(11,0) GENERATED BY DEFAULT ON NULL AS IDENTITY MINVALUE 1 MAXVALUE 9999999999999999999999999999 INCREMENT BY 1 START WITH 1 CACHE 20 NOORDER  NOCYCLE  NOKEEP  NOSCALE , 
	"GROUP_ID" NUMBER(11,0), 
	"PERMISSION_ID" NUMBER(11,0)
   ) SEGMENT CREATION DEFERRED 
  PCTFREE 10 PCTUSED 40 INITRANS 1 MAXTRANS 255 
 NOCOMPRESS LOGGING
  TABLESPACE "USERS" ;
--------------------------------------------------------
--  DDL for Table AUTH_PERMISSION
--------------------------------------------------------

  CREATE TABLE "SUSHIFU"."AUTH_PERMISSION" 
   (	"ID" NUMBER(11,0) GENERATED BY DEFAULT ON NULL AS IDENTITY MINVALUE 1 MAXVALUE 9999999999999999999999999999 INCREMENT BY 1 START WITH 1 CACHE 20 NOORDER  NOCYCLE  NOKEEP  NOSCALE , 
	"NAME" NVARCHAR2(255), 
	"CONTENT_TYPE_ID" NUMBER(11,0), 
	"CODENAME" NVARCHAR2(100)
   ) SEGMENT CREATION IMMEDIATE 
  PCTFREE 10 PCTUSED 40 INITRANS 1 MAXTRANS 255 
 NOCOMPRESS LOGGING
  STORAGE(INITIAL 65536 NEXT 1048576 MINEXTENTS 1 MAXEXTENTS 2147483645
  PCTINCREASE 0 FREELISTS 1 FREELIST GROUPS 1
  BUFFER_POOL DEFAULT FLASH_CACHE DEFAULT CELL_FLASH_CACHE DEFAULT)
  TABLESPACE "USERS" ;
--------------------------------------------------------
--  DDL for Table AUTH_USER
--------------------------------------------------------

  CREATE TABLE "SUSHIFU"."AUTH_USER" 
   (	"ID" NUMBER(11,0) GENERATED BY DEFAULT ON NULL AS IDENTITY MINVALUE 1 MAXVALUE 9999999999999999999999999999 INCREMENT BY 1 START WITH 1 CACHE 20 NOORDER  NOCYCLE  NOKEEP  NOSCALE , 
	"PASSWORD" NVARCHAR2(128), 
	"LAST_LOGIN" TIMESTAMP (6), 
	"IS_SUPERUSER" NUMBER(1,0), 
	"USERNAME" NVARCHAR2(150), 
	"FIRST_NAME" NVARCHAR2(150), 
	"LAST_NAME" NVARCHAR2(150), 
	"EMAIL" NVARCHAR2(254), 
	"IS_STAFF" NUMBER(1,0), 
	"IS_ACTIVE" NUMBER(1,0), 
	"DATE_JOINED" TIMESTAMP (6)
   ) SEGMENT CREATION IMMEDIATE 
  PCTFREE 10 PCTUSED 40 INITRANS 1 MAXTRANS 255 
 NOCOMPRESS LOGGING
  STORAGE(INITIAL 65536 NEXT 1048576 MINEXTENTS 1 MAXEXTENTS 2147483645
  PCTINCREASE 0 FREELISTS 1 FREELIST GROUPS 1
  BUFFER_POOL DEFAULT FLASH_CACHE DEFAULT CELL_FLASH_CACHE DEFAULT)
  TABLESPACE "USERS" ;
--------------------------------------------------------
--  DDL for Table AUTH_USER_GROUPS
--------------------------------------------------------

  CREATE TABLE "SUSHIFU"."AUTH_USER_GROUPS" 
   (	"ID" NUMBER(11,0) GENERATED BY DEFAULT ON NULL AS IDENTITY MINVALUE 1 MAXVALUE 9999999999999999999999999999 INCREMENT BY 1 START WITH 1 CACHE 20 NOORDER  NOCYCLE  NOKEEP  NOSCALE , 
	"USER_ID" NUMBER(11,0), 
	"GROUP_ID" NUMBER(11,0)
   ) SEGMENT CREATION DEFERRED 
  PCTFREE 10 PCTUSED 40 INITRANS 1 MAXTRANS 255 
 NOCOMPRESS LOGGING
  TABLESPACE "USERS" ;
--------------------------------------------------------
--  DDL for Table AUTH_USER_USER_PERMISSIONS
--------------------------------------------------------

  CREATE TABLE "SUSHIFU"."AUTH_USER_USER_PERMISSIONS" 
   (	"ID" NUMBER(11,0) GENERATED BY DEFAULT ON NULL AS IDENTITY MINVALUE 1 MAXVALUE 9999999999999999999999999999 INCREMENT BY 1 START WITH 1 CACHE 20 NOORDER  NOCYCLE  NOKEEP  NOSCALE , 
	"USER_ID" NUMBER(11,0), 
	"PERMISSION_ID" NUMBER(11,0)
   ) SEGMENT CREATION DEFERRED 
  PCTFREE 10 PCTUSED 40 INITRANS 1 MAXTRANS 255 
 NOCOMPRESS LOGGING
  TABLESPACE "USERS" ;
--------------------------------------------------------
--  DDL for Table DJANGO_ADMIN_LOG
--------------------------------------------------------

  CREATE TABLE "SUSHIFU"."DJANGO_ADMIN_LOG" 
   (	"ID" NUMBER(11,0) GENERATED BY DEFAULT ON NULL AS IDENTITY MINVALUE 1 MAXVALUE 9999999999999999999999999999 INCREMENT BY 1 START WITH 1 CACHE 20 NOORDER  NOCYCLE  NOKEEP  NOSCALE , 
	"ACTION_TIME" TIMESTAMP (6), 
	"OBJECT_ID" NCLOB, 
	"OBJECT_REPR" NVARCHAR2(200), 
	"ACTION_FLAG" NUMBER(11,0), 
	"CHANGE_MESSAGE" NCLOB, 
	"CONTENT_TYPE_ID" NUMBER(11,0), 
	"USER_ID" NUMBER(11,0)
   ) SEGMENT CREATION DEFERRED 
  PCTFREE 10 PCTUSED 40 INITRANS 1 MAXTRANS 255 
 NOCOMPRESS LOGGING
  TABLESPACE "USERS" 
 LOB ("OBJECT_ID") STORE AS SECUREFILE (
  TABLESPACE "USERS" ENABLE STORAGE IN ROW CHUNK 8192
  NOCACHE LOGGING  NOCOMPRESS  KEEP_DUPLICATES ) 
 LOB ("CHANGE_MESSAGE") STORE AS SECUREFILE (
  TABLESPACE "USERS" ENABLE STORAGE IN ROW CHUNK 8192
  NOCACHE LOGGING  NOCOMPRESS  KEEP_DUPLICATES ) ;
--------------------------------------------------------
--  DDL for Table DJANGO_CONTENT_TYPE
--------------------------------------------------------

  CREATE TABLE "SUSHIFU"."DJANGO_CONTENT_TYPE" 
   (	"ID" NUMBER(11,0) GENERATED BY DEFAULT ON NULL AS IDENTITY MINVALUE 1 MAXVALUE 9999999999999999999999999999 INCREMENT BY 1 START WITH 1 CACHE 20 NOORDER  NOCYCLE  NOKEEP  NOSCALE , 
	"APP_LABEL" NVARCHAR2(100), 
	"MODEL" NVARCHAR2(100)
   ) SEGMENT CREATION IMMEDIATE 
  PCTFREE 10 PCTUSED 40 INITRANS 1 MAXTRANS 255 
 NOCOMPRESS LOGGING
  STORAGE(INITIAL 65536 NEXT 1048576 MINEXTENTS 1 MAXEXTENTS 2147483645
  PCTINCREASE 0 FREELISTS 1 FREELIST GROUPS 1
  BUFFER_POOL DEFAULT FLASH_CACHE DEFAULT CELL_FLASH_CACHE DEFAULT)
  TABLESPACE "USERS" ;
--------------------------------------------------------
--  DDL for Table DJANGO_MIGRATIONS
--------------------------------------------------------

  CREATE TABLE "SUSHIFU"."DJANGO_MIGRATIONS" 
   (	"ID" NUMBER(11,0) GENERATED BY DEFAULT ON NULL AS IDENTITY MINVALUE 1 MAXVALUE 9999999999999999999999999999 INCREMENT BY 1 START WITH 1 CACHE 20 NOORDER  NOCYCLE  NOKEEP  NOSCALE , 
	"APP" NVARCHAR2(255), 
	"NAME" NVARCHAR2(255), 
	"APPLIED" TIMESTAMP (6)
   ) SEGMENT CREATION IMMEDIATE 
  PCTFREE 10 PCTUSED 40 INITRANS 1 MAXTRANS 255 
 NOCOMPRESS LOGGING
  STORAGE(INITIAL 65536 NEXT 1048576 MINEXTENTS 1 MAXEXTENTS 2147483645
  PCTINCREASE 0 FREELISTS 1 FREELIST GROUPS 1
  BUFFER_POOL DEFAULT FLASH_CACHE DEFAULT CELL_FLASH_CACHE DEFAULT)
  TABLESPACE "USERS" ;
--------------------------------------------------------
--  DDL for Table DJANGO_SESSION
--------------------------------------------------------

  CREATE TABLE "SUSHIFU"."DJANGO_SESSION" 
   (	"SESSION_KEY" NVARCHAR2(40), 
	"SESSION_DATA" NCLOB, 
	"EXPIRE_DATE" TIMESTAMP (6)
   ) SEGMENT CREATION IMMEDIATE 
  PCTFREE 10 PCTUSED 40 INITRANS 1 MAXTRANS 255 
 NOCOMPRESS LOGGING
  STORAGE(INITIAL 65536 NEXT 1048576 MINEXTENTS 1 MAXEXTENTS 2147483645
  PCTINCREASE 0 FREELISTS 1 FREELIST GROUPS 1
  BUFFER_POOL DEFAULT FLASH_CACHE DEFAULT CELL_FLASH_CACHE DEFAULT)
  TABLESPACE "USERS" 
 LOB ("SESSION_DATA") STORE AS SECUREFILE (
  TABLESPACE "USERS" ENABLE STORAGE IN ROW CHUNK 8192
  NOCACHE LOGGING  NOCOMPRESS  KEEP_DUPLICATES 
  STORAGE(INITIAL 106496 NEXT 1048576 MINEXTENTS 1 MAXEXTENTS 2147483645
  PCTINCREASE 0
  BUFFER_POOL DEFAULT FLASH_CACHE DEFAULT CELL_FLASH_CACHE DEFAULT)) ;
--------------------------------------------------------
--  DDL for Table MTV_BOLETA
--------------------------------------------------------

  CREATE TABLE "SUSHIFU"."MTV_BOLETA" 
   (	"ID_BOLETA" NUMBER(11,0), 
	"FECHA" TIMESTAMP (6), 
	"TOTAL" NUMBER(11,0), 
	"ID_ORDEN_ID" NUMBER(11,0)
   ) SEGMENT CREATION DEFERRED 
  PCTFREE 10 PCTUSED 40 INITRANS 1 MAXTRANS 255 
 NOCOMPRESS LOGGING
  TABLESPACE "USERS" ;
--------------------------------------------------------
--  DDL for Table MTV_CARRO
--------------------------------------------------------

  CREATE TABLE "SUSHIFU"."MTV_CARRO" 
   (	"ID" NUMBER(11,0) GENERATED BY DEFAULT ON NULL AS IDENTITY MINVALUE 1 MAXVALUE 9999999999999999999999999999 INCREMENT BY 1 START WITH 1 CACHE 20 NOORDER  NOCYCLE  NOKEEP  NOSCALE , 
	"ID_CARRO" NUMBER(11,0), 
	"NOMBRE_PRODUCTO" NVARCHAR2(50), 
	"PRECIO_PRODUCTO" NUMBER(11,0), 
	"CANTIDAD_PRODUCTO" NUMBER(11,0), 
	"ID_PRODUCTO_ID" NUMBER(11,0)
   ) SEGMENT CREATION IMMEDIATE 
  PCTFREE 10 PCTUSED 40 INITRANS 1 MAXTRANS 255 
 NOCOMPRESS LOGGING
  STORAGE(INITIAL 65536 NEXT 1048576 MINEXTENTS 1 MAXEXTENTS 2147483645
  PCTINCREASE 0 FREELISTS 1 FREELIST GROUPS 1
  BUFFER_POOL DEFAULT FLASH_CACHE DEFAULT CELL_FLASH_CACHE DEFAULT)
  TABLESPACE "USERS" ;
--------------------------------------------------------
--  DDL for Table MTV_ORDEN
--------------------------------------------------------

  CREATE TABLE "SUSHIFU"."MTV_ORDEN" 
   (	"ID_ORDEN" NUMBER(11,0) GENERATED BY DEFAULT ON NULL AS IDENTITY MINVALUE 1 MAXVALUE 9999999999999999999999999999 INCREMENT BY 1 START WITH 1 CACHE 20 NOORDER  NOCYCLE  NOKEEP  NOSCALE , 
	"FECHA_HORA" TIMESTAMP (6), 
	"NOMBRE_CLIENTE" NVARCHAR2(50), 
	"DIRECCION" NVARCHAR2(99), 
	"NOTA" NVARCHAR2(200), 
	"TOTAL" NUMBER(11,0), 
	"ID_CARRO_ID" NUMBER(11,0)
   ) SEGMENT CREATION IMMEDIATE 
  PCTFREE 10 PCTUSED 40 INITRANS 1 MAXTRANS 255 
 NOCOMPRESS LOGGING
  STORAGE(INITIAL 65536 NEXT 1048576 MINEXTENTS 1 MAXEXTENTS 2147483645
  PCTINCREASE 0 FREELISTS 1 FREELIST GROUPS 1
  BUFFER_POOL DEFAULT FLASH_CACHE DEFAULT CELL_FLASH_CACHE DEFAULT)
  TABLESPACE "USERS" ;
--------------------------------------------------------
--  DDL for Table MTV_PRODUCTO
--------------------------------------------------------

  CREATE TABLE "SUSHIFU"."MTV_PRODUCTO" 
   (	"ID_PRODUCTO" NUMBER(11,0), 
	"NOMBRE" NVARCHAR2(50), 
	"TIPO" NVARCHAR2(50), 
	"DESCRIPCION" NVARCHAR2(99), 
	"STOCK" NUMBER(11,0), 
	"PRECIO" NUMBER(11,0), 
	"CATALOGO" NUMBER(1,0), 
	"IMAGEN" NVARCHAR2(100)
   ) SEGMENT CREATION IMMEDIATE 
  PCTFREE 10 PCTUSED 40 INITRANS 1 MAXTRANS 255 
 NOCOMPRESS LOGGING
  STORAGE(INITIAL 65536 NEXT 1048576 MINEXTENTS 1 MAXEXTENTS 2147483645
  PCTINCREASE 0 FREELISTS 1 FREELIST GROUPS 1
  BUFFER_POOL DEFAULT FLASH_CACHE DEFAULT CELL_FLASH_CACHE DEFAULT)
  TABLESPACE "USERS" ;
--------------------------------------------------------
--  DDL for Table MTV_REPORTE
--------------------------------------------------------

  CREATE TABLE "SUSHIFU"."MTV_REPORTE" 
   (	"ID_REPORTE" NUMBER(11,0), 
	"FECHA_PERIODO" TIMESTAMP (6), 
	"TOTAL_BOLETA" NUMBER(11,0), 
	"TOTAL_PERIODO" NUMBER(11,0), 
	"ID_BOLETA_ID" NUMBER(11,0)
   ) SEGMENT CREATION DEFERRED 
  PCTFREE 10 PCTUSED 40 INITRANS 1 MAXTRANS 255 
 NOCOMPRESS LOGGING
  TABLESPACE "USERS" ;
--------------------------------------------------------
--  DDL for Table MTV_USUARIO
--------------------------------------------------------

  CREATE TABLE "SUSHIFU"."MTV_USUARIO" 
   (	"ID" NUMBER(11,0) GENERATED BY DEFAULT ON NULL AS IDENTITY MINVALUE 1 MAXVALUE 9999999999999999999999999999 INCREMENT BY 1 START WITH 1 CACHE 20 NOORDER  NOCYCLE  NOKEEP  NOSCALE , 
	"NOMBRE" NVARCHAR2(50), 
	"APELLIDO" NVARCHAR2(50), 
	"DIRECCION" NVARCHAR2(99), 
	"COMUNA" NVARCHAR2(99), 
	"PROVINCIA" NVARCHAR2(99), 
	"REGION" NVARCHAR2(99), 
	"FECHA_NACIMIENTO" NVARCHAR2(99), 
	"SEXO" NVARCHAR2(50), 
	"TELEFONO" NVARCHAR2(99), 
	"USER_ID" NUMBER(11,0)
   ) SEGMENT CREATION IMMEDIATE 
  PCTFREE 10 PCTUSED 40 INITRANS 1 MAXTRANS 255 
 NOCOMPRESS LOGGING
  STORAGE(INITIAL 65536 NEXT 1048576 MINEXTENTS 1 MAXEXTENTS 2147483645
  PCTINCREASE 0 FREELISTS 1 FREELIST GROUPS 1
  BUFFER_POOL DEFAULT FLASH_CACHE DEFAULT CELL_FLASH_CACHE DEFAULT)
  TABLESPACE "USERS" ;
REM INSERTING into SUSHIFU.AUTH_GROUP
SET DEFINE OFF;
REM INSERTING into SUSHIFU.AUTH_GROUP_PERMISSIONS
SET DEFINE OFF;
REM INSERTING into SUSHIFU.AUTH_PERMISSION
SET DEFINE OFF;
Insert into SUSHIFU.AUTH_PERMISSION (ID,NAME,CONTENT_TYPE_ID,CODENAME) values ('1','Can add log entry','1','add_logentry');
Insert into SUSHIFU.AUTH_PERMISSION (ID,NAME,CONTENT_TYPE_ID,CODENAME) values ('2','Can change log entry','1','change_logentry');
Insert into SUSHIFU.AUTH_PERMISSION (ID,NAME,CONTENT_TYPE_ID,CODENAME) values ('3','Can delete log entry','1','delete_logentry');
Insert into SUSHIFU.AUTH_PERMISSION (ID,NAME,CONTENT_TYPE_ID,CODENAME) values ('4','Can view log entry','1','view_logentry');
Insert into SUSHIFU.AUTH_PERMISSION (ID,NAME,CONTENT_TYPE_ID,CODENAME) values ('5','Can add permission','2','add_permission');
Insert into SUSHIFU.AUTH_PERMISSION (ID,NAME,CONTENT_TYPE_ID,CODENAME) values ('6','Can change permission','2','change_permission');
Insert into SUSHIFU.AUTH_PERMISSION (ID,NAME,CONTENT_TYPE_ID,CODENAME) values ('7','Can delete permission','2','delete_permission');
Insert into SUSHIFU.AUTH_PERMISSION (ID,NAME,CONTENT_TYPE_ID,CODENAME) values ('8','Can view permission','2','view_permission');
Insert into SUSHIFU.AUTH_PERMISSION (ID,NAME,CONTENT_TYPE_ID,CODENAME) values ('9','Can add group','3','add_group');
Insert into SUSHIFU.AUTH_PERMISSION (ID,NAME,CONTENT_TYPE_ID,CODENAME) values ('10','Can change group','3','change_group');
Insert into SUSHIFU.AUTH_PERMISSION (ID,NAME,CONTENT_TYPE_ID,CODENAME) values ('11','Can delete group','3','delete_group');
Insert into SUSHIFU.AUTH_PERMISSION (ID,NAME,CONTENT_TYPE_ID,CODENAME) values ('12','Can view group','3','view_group');
Insert into SUSHIFU.AUTH_PERMISSION (ID,NAME,CONTENT_TYPE_ID,CODENAME) values ('13','Can add user','4','add_user');
Insert into SUSHIFU.AUTH_PERMISSION (ID,NAME,CONTENT_TYPE_ID,CODENAME) values ('14','Can change user','4','change_user');
Insert into SUSHIFU.AUTH_PERMISSION (ID,NAME,CONTENT_TYPE_ID,CODENAME) values ('15','Can delete user','4','delete_user');
Insert into SUSHIFU.AUTH_PERMISSION (ID,NAME,CONTENT_TYPE_ID,CODENAME) values ('16','Can view user','4','view_user');
Insert into SUSHIFU.AUTH_PERMISSION (ID,NAME,CONTENT_TYPE_ID,CODENAME) values ('17','Can add content type','5','add_contenttype');
Insert into SUSHIFU.AUTH_PERMISSION (ID,NAME,CONTENT_TYPE_ID,CODENAME) values ('18','Can change content type','5','change_contenttype');
Insert into SUSHIFU.AUTH_PERMISSION (ID,NAME,CONTENT_TYPE_ID,CODENAME) values ('19','Can delete content type','5','delete_contenttype');
Insert into SUSHIFU.AUTH_PERMISSION (ID,NAME,CONTENT_TYPE_ID,CODENAME) values ('20','Can view content type','5','view_contenttype');
Insert into SUSHIFU.AUTH_PERMISSION (ID,NAME,CONTENT_TYPE_ID,CODENAME) values ('21','Can add session','6','add_session');
Insert into SUSHIFU.AUTH_PERMISSION (ID,NAME,CONTENT_TYPE_ID,CODENAME) values ('22','Can change session','6','change_session');
Insert into SUSHIFU.AUTH_PERMISSION (ID,NAME,CONTENT_TYPE_ID,CODENAME) values ('23','Can delete session','6','delete_session');
Insert into SUSHIFU.AUTH_PERMISSION (ID,NAME,CONTENT_TYPE_ID,CODENAME) values ('24','Can view session','6','view_session');
Insert into SUSHIFU.AUTH_PERMISSION (ID,NAME,CONTENT_TYPE_ID,CODENAME) values ('25','Can add boleta','7','add_boleta');
Insert into SUSHIFU.AUTH_PERMISSION (ID,NAME,CONTENT_TYPE_ID,CODENAME) values ('26','Can change boleta','7','change_boleta');
Insert into SUSHIFU.AUTH_PERMISSION (ID,NAME,CONTENT_TYPE_ID,CODENAME) values ('27','Can delete boleta','7','delete_boleta');
Insert into SUSHIFU.AUTH_PERMISSION (ID,NAME,CONTENT_TYPE_ID,CODENAME) values ('28','Can view boleta','7','view_boleta');
Insert into SUSHIFU.AUTH_PERMISSION (ID,NAME,CONTENT_TYPE_ID,CODENAME) values ('29','Can add carro','8','add_carro');
Insert into SUSHIFU.AUTH_PERMISSION (ID,NAME,CONTENT_TYPE_ID,CODENAME) values ('30','Can change carro','8','change_carro');
Insert into SUSHIFU.AUTH_PERMISSION (ID,NAME,CONTENT_TYPE_ID,CODENAME) values ('31','Can delete carro','8','delete_carro');
Insert into SUSHIFU.AUTH_PERMISSION (ID,NAME,CONTENT_TYPE_ID,CODENAME) values ('32','Can view carro','8','view_carro');
Insert into SUSHIFU.AUTH_PERMISSION (ID,NAME,CONTENT_TYPE_ID,CODENAME) values ('33','Can add producto','9','add_producto');
Insert into SUSHIFU.AUTH_PERMISSION (ID,NAME,CONTENT_TYPE_ID,CODENAME) values ('34','Can change producto','9','change_producto');
Insert into SUSHIFU.AUTH_PERMISSION (ID,NAME,CONTENT_TYPE_ID,CODENAME) values ('35','Can delete producto','9','delete_producto');
Insert into SUSHIFU.AUTH_PERMISSION (ID,NAME,CONTENT_TYPE_ID,CODENAME) values ('36','Can view producto','9','view_producto');
Insert into SUSHIFU.AUTH_PERMISSION (ID,NAME,CONTENT_TYPE_ID,CODENAME) values ('37','Can add usuario','10','add_usuario');
Insert into SUSHIFU.AUTH_PERMISSION (ID,NAME,CONTENT_TYPE_ID,CODENAME) values ('38','Can change usuario','10','change_usuario');
Insert into SUSHIFU.AUTH_PERMISSION (ID,NAME,CONTENT_TYPE_ID,CODENAME) values ('39','Can delete usuario','10','delete_usuario');
Insert into SUSHIFU.AUTH_PERMISSION (ID,NAME,CONTENT_TYPE_ID,CODENAME) values ('40','Can view usuario','10','view_usuario');
Insert into SUSHIFU.AUTH_PERMISSION (ID,NAME,CONTENT_TYPE_ID,CODENAME) values ('41','Can add reporte','11','add_reporte');
Insert into SUSHIFU.AUTH_PERMISSION (ID,NAME,CONTENT_TYPE_ID,CODENAME) values ('42','Can change reporte','11','change_reporte');
Insert into SUSHIFU.AUTH_PERMISSION (ID,NAME,CONTENT_TYPE_ID,CODENAME) values ('43','Can delete reporte','11','delete_reporte');
Insert into SUSHIFU.AUTH_PERMISSION (ID,NAME,CONTENT_TYPE_ID,CODENAME) values ('44','Can view reporte','11','view_reporte');
Insert into SUSHIFU.AUTH_PERMISSION (ID,NAME,CONTENT_TYPE_ID,CODENAME) values ('45','Can add orden','12','add_orden');
Insert into SUSHIFU.AUTH_PERMISSION (ID,NAME,CONTENT_TYPE_ID,CODENAME) values ('46','Can change orden','12','change_orden');
Insert into SUSHIFU.AUTH_PERMISSION (ID,NAME,CONTENT_TYPE_ID,CODENAME) values ('47','Can delete orden','12','delete_orden');
Insert into SUSHIFU.AUTH_PERMISSION (ID,NAME,CONTENT_TYPE_ID,CODENAME) values ('48','Can view orden','12','view_orden');
REM INSERTING into SUSHIFU.AUTH_USER
SET DEFINE OFF;
Insert into SUSHIFU.AUTH_USER (ID,PASSWORD,LAST_LOGIN,IS_SUPERUSER,USERNAME,FIRST_NAME,LAST_NAME,EMAIL,IS_STAFF,IS_ACTIVE,DATE_JOINED) values ('4','pbkdf2_sha256$216000$m5e9S8uYaS2T$leIBDbjS/S/pcxO9S2rM+m/KKZQCAebAKiSey5guQa4=',to_timestamp('23/11/20 19:51:47,688864000','DD/MM/RR HH24:MI:SSXFF'),'1','admin',null,null,null,'1','1',to_timestamp('23/11/20 19:51:46,987545000','DD/MM/RR HH24:MI:SSXFF'));
Insert into SUSHIFU.AUTH_USER (ID,PASSWORD,LAST_LOGIN,IS_SUPERUSER,USERNAME,FIRST_NAME,LAST_NAME,EMAIL,IS_STAFF,IS_ACTIVE,DATE_JOINED) values ('2','pbkdf2_sha256$216000$m5e9S8uYaS2T$leIBDbjS/S/pcxO9S2rM+m/KKZQCAebAKiSey5guQa4=',to_timestamp('23/11/20 16:33:02,000000000','DD/MM/RR HH24:MI:SSXFF'),'1','2','2','2','2','1','1',to_timestamp('23/11/20 16:33:02,000000000','DD/MM/RR HH24:MI:SSXFF'));
REM INSERTING into SUSHIFU.AUTH_USER_GROUPS
SET DEFINE OFF;
REM INSERTING into SUSHIFU.AUTH_USER_USER_PERMISSIONS
SET DEFINE OFF;
REM INSERTING into SUSHIFU.DJANGO_ADMIN_LOG
SET DEFINE OFF;
REM INSERTING into SUSHIFU.DJANGO_CONTENT_TYPE
SET DEFINE OFF;
Insert into SUSHIFU.DJANGO_CONTENT_TYPE (ID,APP_LABEL,MODEL) values ('1','admin','logentry');
Insert into SUSHIFU.DJANGO_CONTENT_TYPE (ID,APP_LABEL,MODEL) values ('2','auth','permission');
Insert into SUSHIFU.DJANGO_CONTENT_TYPE (ID,APP_LABEL,MODEL) values ('3','auth','group');
Insert into SUSHIFU.DJANGO_CONTENT_TYPE (ID,APP_LABEL,MODEL) values ('4','auth','user');
Insert into SUSHIFU.DJANGO_CONTENT_TYPE (ID,APP_LABEL,MODEL) values ('5','contenttypes','contenttype');
Insert into SUSHIFU.DJANGO_CONTENT_TYPE (ID,APP_LABEL,MODEL) values ('6','sessions','session');
Insert into SUSHIFU.DJANGO_CONTENT_TYPE (ID,APP_LABEL,MODEL) values ('7','mtv','boleta');
Insert into SUSHIFU.DJANGO_CONTENT_TYPE (ID,APP_LABEL,MODEL) values ('8','mtv','carro');
Insert into SUSHIFU.DJANGO_CONTENT_TYPE (ID,APP_LABEL,MODEL) values ('9','mtv','producto');
Insert into SUSHIFU.DJANGO_CONTENT_TYPE (ID,APP_LABEL,MODEL) values ('10','mtv','usuario');
Insert into SUSHIFU.DJANGO_CONTENT_TYPE (ID,APP_LABEL,MODEL) values ('11','mtv','reporte');
Insert into SUSHIFU.DJANGO_CONTENT_TYPE (ID,APP_LABEL,MODEL) values ('12','mtv','orden');
REM INSERTING into SUSHIFU.DJANGO_MIGRATIONS
SET DEFINE OFF;
Insert into SUSHIFU.DJANGO_MIGRATIONS (ID,APP,NAME,APPLIED) values ('1','contenttypes','0001_initial',to_timestamp('23/11/20 06:20:44,302666000','DD/MM/RR HH24:MI:SSXFF'));
Insert into SUSHIFU.DJANGO_MIGRATIONS (ID,APP,NAME,APPLIED) values ('2','auth','0001_initial',to_timestamp('23/11/20 06:20:44,405751000','DD/MM/RR HH24:MI:SSXFF'));
Insert into SUSHIFU.DJANGO_MIGRATIONS (ID,APP,NAME,APPLIED) values ('3','admin','0001_initial',to_timestamp('23/11/20 06:20:44,558900000','DD/MM/RR HH24:MI:SSXFF'));
Insert into SUSHIFU.DJANGO_MIGRATIONS (ID,APP,NAME,APPLIED) values ('4','admin','0002_logentry_remove_auto_add',to_timestamp('23/11/20 06:20:44,650984000','DD/MM/RR HH24:MI:SSXFF'));
Insert into SUSHIFU.DJANGO_MIGRATIONS (ID,APP,NAME,APPLIED) values ('5','admin','0003_logentry_add_action_flag_choices',to_timestamp('23/11/20 06:20:44,666998000','DD/MM/RR HH24:MI:SSXFF'));
Insert into SUSHIFU.DJANGO_MIGRATIONS (ID,APP,NAME,APPLIED) values ('21','contenttypes','0002_remove_content_type_name',to_timestamp('23/11/20 06:20:46,731878000','DD/MM/RR HH24:MI:SSXFF'));
Insert into SUSHIFU.DJANGO_MIGRATIONS (ID,APP,NAME,APPLIED) values ('22','auth','0002_alter_permission_name_max_length',to_timestamp('23/11/20 06:20:46,840977000','DD/MM/RR HH24:MI:SSXFF'));
Insert into SUSHIFU.DJANGO_MIGRATIONS (ID,APP,NAME,APPLIED) values ('23','auth','0003_alter_user_email_max_length',to_timestamp('23/11/20 06:20:46,866000000','DD/MM/RR HH24:MI:SSXFF'));
Insert into SUSHIFU.DJANGO_MIGRATIONS (ID,APP,NAME,APPLIED) values ('24','auth','0004_alter_user_username_opts',to_timestamp('23/11/20 06:20:46,884017000','DD/MM/RR HH24:MI:SSXFF'));
Insert into SUSHIFU.DJANGO_MIGRATIONS (ID,APP,NAME,APPLIED) values ('25','auth','0005_alter_user_last_login_null',to_timestamp('23/11/20 06:20:46,913043000','DD/MM/RR HH24:MI:SSXFF'));
Insert into SUSHIFU.DJANGO_MIGRATIONS (ID,APP,NAME,APPLIED) values ('26','auth','0006_require_contenttypes_0002',to_timestamp('23/11/20 06:20:46,924499000','DD/MM/RR HH24:MI:SSXFF'));
Insert into SUSHIFU.DJANGO_MIGRATIONS (ID,APP,NAME,APPLIED) values ('27','auth','0007_alter_validators_add_error_messages',to_timestamp('23/11/20 06:20:46,940503000','DD/MM/RR HH24:MI:SSXFF'));
Insert into SUSHIFU.DJANGO_MIGRATIONS (ID,APP,NAME,APPLIED) values ('28','auth','0008_alter_user_username_max_length',to_timestamp('23/11/20 06:20:46,962533000','DD/MM/RR HH24:MI:SSXFF'));
Insert into SUSHIFU.DJANGO_MIGRATIONS (ID,APP,NAME,APPLIED) values ('29','auth','0009_alter_user_last_name_max_length',to_timestamp('23/11/20 06:20:46,983552000','DD/MM/RR HH24:MI:SSXFF'));
Insert into SUSHIFU.DJANGO_MIGRATIONS (ID,APP,NAME,APPLIED) values ('30','auth','0010_alter_group_name_max_length',to_timestamp('23/11/20 06:20:47,007564000','DD/MM/RR HH24:MI:SSXFF'));
Insert into SUSHIFU.DJANGO_MIGRATIONS (ID,APP,NAME,APPLIED) values ('31','auth','0011_update_proxy_permissions',to_timestamp('23/11/20 06:20:47,024579000','DD/MM/RR HH24:MI:SSXFF'));
Insert into SUSHIFU.DJANGO_MIGRATIONS (ID,APP,NAME,APPLIED) values ('32','auth','0012_alter_user_first_name_max_length',to_timestamp('23/11/20 06:20:47,045560000','DD/MM/RR HH24:MI:SSXFF'));
Insert into SUSHIFU.DJANGO_MIGRATIONS (ID,APP,NAME,APPLIED) values ('33','mtv','0001_initial',to_timestamp('23/11/20 06:20:47,226169000','DD/MM/RR HH24:MI:SSXFF'));
Insert into SUSHIFU.DJANGO_MIGRATIONS (ID,APP,NAME,APPLIED) values ('34','sessions','0001_initial',to_timestamp('23/11/20 06:20:47,290227000','DD/MM/RR HH24:MI:SSXFF'));
REM INSERTING into SUSHIFU.DJANGO_SESSION
SET DEFINE OFF;
Insert into SUSHIFU.DJANGO_SESSION (SESSION_KEY,EXPIRE_DATE) values ('ea6s7y5qv8txt2801nt0vx1jpmsg9ct9',to_timestamp('07/12/20 19:51:47,691867000','DD/MM/RR HH24:MI:SSXFF'));
REM INSERTING into SUSHIFU.MTV_BOLETA
SET DEFINE OFF;
REM INSERTING into SUSHIFU.MTV_CARRO
SET DEFINE OFF;
Insert into SUSHIFU.MTV_CARRO (ID,ID_CARRO,NOMBRE_PRODUCTO,PRECIO_PRODUCTO,CANTIDAD_PRODUCTO,ID_PRODUCTO_ID) values ('2','4','California Roll','4555','1','1');
Insert into SUSHIFU.MTV_CARRO (ID,ID_CARRO,NOMBRE_PRODUCTO,PRECIO_PRODUCTO,CANTIDAD_PRODUCTO,ID_PRODUCTO_ID) values ('3','4','Tempura Camaron','5555','1','2');
REM INSERTING into SUSHIFU.MTV_ORDEN
SET DEFINE OFF;
REM INSERTING into SUSHIFU.MTV_PRODUCTO
SET DEFINE OFF;
Insert into SUSHIFU.MTV_PRODUCTO (ID_PRODUCTO,NOMBRE,TIPO,DESCRIPCION,STOCK,PRECIO,CATALOGO,IMAGEN) values ('1','California Roll','Tempura','Salmon, Frito, Palta','5','4555','1','uploads/sushi1_tQm6M9d.png');
Insert into SUSHIFU.MTV_PRODUCTO (ID_PRODUCTO,NOMBRE,TIPO,DESCRIPCION,STOCK,PRECIO,CATALOGO,IMAGEN) values ('2','Tempura Camaron','Tempura','Camaron, Frito, Palta','11','5555','1','uploads/sushi2.png');
REM INSERTING into SUSHIFU.MTV_REPORTE
SET DEFINE OFF;
REM INSERTING into SUSHIFU.MTV_USUARIO
SET DEFINE OFF;
Insert into SUSHIFU.MTV_USUARIO (ID,NOMBRE,APELLIDO,DIRECCION,COMUNA,PROVINCIA,REGION,FECHA_NACIMIENTO,SEXO,TELEFONO,USER_ID) values ('4','Daniel','Galli','Av los pincheira 1213','La Granja','Minesotta','Los lagos','12/12/1968','Aveces','56553323','4');
Insert into SUSHIFU.MTV_USUARIO (ID,NOMBRE,APELLIDO,DIRECCION,COMUNA,PROVINCIA,REGION,FECHA_NACIMIENTO,SEXO,TELEFONO,USER_ID) values ('2','2','2','2','2','2','2','2',null,'2','2');
--------------------------------------------------------
--  DDL for Index SYS_C0012292
--------------------------------------------------------

  CREATE UNIQUE INDEX "SUSHIFU"."SYS_C0012292" ON "SUSHIFU"."AUTH_GROUP" ("ID") 
  PCTFREE 10 INITRANS 2 MAXTRANS 255 
  TABLESPACE "USERS" ;
--------------------------------------------------------
--  DDL for Index SYS_C0012293
--------------------------------------------------------

  CREATE UNIQUE INDEX "SUSHIFU"."SYS_C0012293" ON "SUSHIFU"."AUTH_GROUP" ("NAME") 
  PCTFREE 10 INITRANS 2 MAXTRANS 255 
  TABLESPACE "USERS" ;
--------------------------------------------------------
--  DDL for Index SYS_C0012297
--------------------------------------------------------

  CREATE UNIQUE INDEX "SUSHIFU"."SYS_C0012297" ON "SUSHIFU"."AUTH_GROUP_PERMISSIONS" ("ID") 
  PCTFREE 10 INITRANS 2 MAXTRANS 255 
  TABLESPACE "USERS" ;
--------------------------------------------------------
--  DDL for Index AUTH_GROU_GROUP_ID__0CD325B0_U
--------------------------------------------------------

  CREATE UNIQUE INDEX "SUSHIFU"."AUTH_GROU_GROUP_ID__0CD325B0_U" ON "SUSHIFU"."AUTH_GROUP_PERMISSIONS" ("GROUP_ID", "PERMISSION_ID") 
  PCTFREE 10 INITRANS 2 MAXTRANS 255 COMPUTE STATISTICS 
  TABLESPACE "USERS" ;
--------------------------------------------------------
--  DDL for Index AUTH_GROUP_GROUP_ID_B120CBF9
--------------------------------------------------------

  CREATE INDEX "SUSHIFU"."AUTH_GROUP_GROUP_ID_B120CBF9" ON "SUSHIFU"."AUTH_GROUP_PERMISSIONS" ("GROUP_ID") 
  PCTFREE 10 INITRANS 2 MAXTRANS 255 COMPUTE STATISTICS 
  TABLESPACE "USERS" ;
--------------------------------------------------------
--  DDL for Index AUTH_GROUP_PERMISSION_84C5C92E
--------------------------------------------------------

  CREATE INDEX "SUSHIFU"."AUTH_GROUP_PERMISSION_84C5C92E" ON "SUSHIFU"."AUTH_GROUP_PERMISSIONS" ("PERMISSION_ID") 
  PCTFREE 10 INITRANS 2 MAXTRANS 255 COMPUTE STATISTICS 
  TABLESPACE "USERS" ;
--------------------------------------------------------
--  DDL for Index SYS_C0012290
--------------------------------------------------------

  CREATE UNIQUE INDEX "SUSHIFU"."SYS_C0012290" ON "SUSHIFU"."AUTH_PERMISSION" ("ID") 
  PCTFREE 10 INITRANS 2 MAXTRANS 255 
  STORAGE(INITIAL 65536 NEXT 1048576 MINEXTENTS 1 MAXEXTENTS 2147483645
  PCTINCREASE 0 FREELISTS 1 FREELIST GROUPS 1
  BUFFER_POOL DEFAULT FLASH_CACHE DEFAULT CELL_FLASH_CACHE DEFAULT)
  TABLESPACE "USERS" ;
--------------------------------------------------------
--  DDL for Index AUTH_PERM_CONTENT_T_01AB375A_U
--------------------------------------------------------

  CREATE UNIQUE INDEX "SUSHIFU"."AUTH_PERM_CONTENT_T_01AB375A_U" ON "SUSHIFU"."AUTH_PERMISSION" ("CONTENT_TYPE_ID", "CODENAME") 
  PCTFREE 10 INITRANS 2 MAXTRANS 255 COMPUTE STATISTICS 
  STORAGE(INITIAL 65536 NEXT 1048576 MINEXTENTS 1 MAXEXTENTS 2147483645
  PCTINCREASE 0 FREELISTS 1 FREELIST GROUPS 1
  BUFFER_POOL DEFAULT FLASH_CACHE DEFAULT CELL_FLASH_CACHE DEFAULT)
  TABLESPACE "USERS" ;
--------------------------------------------------------
--  DDL for Index AUTH_PERMI_CONTENT_TY_2F476E4B
--------------------------------------------------------

  CREATE INDEX "SUSHIFU"."AUTH_PERMI_CONTENT_TY_2F476E4B" ON "SUSHIFU"."AUTH_PERMISSION" ("CONTENT_TYPE_ID") 
  PCTFREE 10 INITRANS 2 MAXTRANS 255 COMPUTE STATISTICS 
  STORAGE(INITIAL 65536 NEXT 1048576 MINEXTENTS 1 MAXEXTENTS 2147483645
  PCTINCREASE 0 FREELISTS 1 FREELIST GROUPS 1
  BUFFER_POOL DEFAULT FLASH_CACHE DEFAULT CELL_FLASH_CACHE DEFAULT)
  TABLESPACE "USERS" ;
--------------------------------------------------------
--  DDL for Index SYS_C0012307
--------------------------------------------------------

  CREATE UNIQUE INDEX "SUSHIFU"."SYS_C0012307" ON "SUSHIFU"."AUTH_USER" ("ID") 
  PCTFREE 10 INITRANS 2 MAXTRANS 255 
  STORAGE(INITIAL 65536 NEXT 1048576 MINEXTENTS 1 MAXEXTENTS 2147483645
  PCTINCREASE 0 FREELISTS 1 FREELIST GROUPS 1
  BUFFER_POOL DEFAULT FLASH_CACHE DEFAULT CELL_FLASH_CACHE DEFAULT)
  TABLESPACE "USERS" ;
--------------------------------------------------------
--  DDL for Index SYS_C0012308
--------------------------------------------------------

  CREATE UNIQUE INDEX "SUSHIFU"."SYS_C0012308" ON "SUSHIFU"."AUTH_USER" ("USERNAME") 
  PCTFREE 10 INITRANS 2 MAXTRANS 255 
  STORAGE(INITIAL 65536 NEXT 1048576 MINEXTENTS 1 MAXEXTENTS 2147483645
  PCTINCREASE 0 FREELISTS 1 FREELIST GROUPS 1
  BUFFER_POOL DEFAULT FLASH_CACHE DEFAULT CELL_FLASH_CACHE DEFAULT)
  TABLESPACE "USERS" ;
--------------------------------------------------------
--  DDL for Index SYS_C0012312
--------------------------------------------------------

  CREATE UNIQUE INDEX "SUSHIFU"."SYS_C0012312" ON "SUSHIFU"."AUTH_USER_GROUPS" ("ID") 
  PCTFREE 10 INITRANS 2 MAXTRANS 255 
  TABLESPACE "USERS" ;
--------------------------------------------------------
--  DDL for Index AUTH_USER_USER_ID_G_94350C0C_U
--------------------------------------------------------

  CREATE UNIQUE INDEX "SUSHIFU"."AUTH_USER_USER_ID_G_94350C0C_U" ON "SUSHIFU"."AUTH_USER_GROUPS" ("USER_ID", "GROUP_ID") 
  PCTFREE 10 INITRANS 2 MAXTRANS 255 COMPUTE STATISTICS 
  TABLESPACE "USERS" ;
--------------------------------------------------------
--  DDL for Index AUTH_USER__USER_ID_6A12ED8B
--------------------------------------------------------

  CREATE INDEX "SUSHIFU"."AUTH_USER__USER_ID_6A12ED8B" ON "SUSHIFU"."AUTH_USER_GROUPS" ("USER_ID") 
  PCTFREE 10 INITRANS 2 MAXTRANS 255 COMPUTE STATISTICS 
  TABLESPACE "USERS" ;
--------------------------------------------------------
--  DDL for Index AUTH_USER__GROUP_ID_97559544
--------------------------------------------------------

  CREATE INDEX "SUSHIFU"."AUTH_USER__GROUP_ID_97559544" ON "SUSHIFU"."AUTH_USER_GROUPS" ("GROUP_ID") 
  PCTFREE 10 INITRANS 2 MAXTRANS 255 COMPUTE STATISTICS 
  TABLESPACE "USERS" ;
--------------------------------------------------------
--  DDL for Index SYS_C0012316
--------------------------------------------------------

  CREATE UNIQUE INDEX "SUSHIFU"."SYS_C0012316" ON "SUSHIFU"."AUTH_USER_USER_PERMISSIONS" ("ID") 
  PCTFREE 10 INITRANS 2 MAXTRANS 255 
  TABLESPACE "USERS" ;
--------------------------------------------------------
--  DDL for Index AUTH_USER_USER_ID_P_14A6B632_U
--------------------------------------------------------

  CREATE UNIQUE INDEX "SUSHIFU"."AUTH_USER_USER_ID_P_14A6B632_U" ON "SUSHIFU"."AUTH_USER_USER_PERMISSIONS" ("USER_ID", "PERMISSION_ID") 
  PCTFREE 10 INITRANS 2 MAXTRANS 255 COMPUTE STATISTICS 
  TABLESPACE "USERS" ;
--------------------------------------------------------
--  DDL for Index AUTH_USER__USER_ID_A95EAD1B
--------------------------------------------------------

  CREATE INDEX "SUSHIFU"."AUTH_USER__USER_ID_A95EAD1B" ON "SUSHIFU"."AUTH_USER_USER_PERMISSIONS" ("USER_ID") 
  PCTFREE 10 INITRANS 2 MAXTRANS 255 COMPUTE STATISTICS 
  TABLESPACE "USERS" ;
--------------------------------------------------------
--  DDL for Index AUTH_USER__PERMISSION_1FBB5F2C
--------------------------------------------------------

  CREATE INDEX "SUSHIFU"."AUTH_USER__PERMISSION_1FBB5F2C" ON "SUSHIFU"."AUTH_USER_USER_PERMISSIONS" ("PERMISSION_ID") 
  PCTFREE 10 INITRANS 2 MAXTRANS 255 COMPUTE STATISTICS 
  TABLESPACE "USERS" ;
--------------------------------------------------------
--  DDL for Index SYS_C0012333
--------------------------------------------------------

  CREATE UNIQUE INDEX "SUSHIFU"."SYS_C0012333" ON "SUSHIFU"."DJANGO_ADMIN_LOG" ("ID") 
  PCTFREE 10 INITRANS 2 MAXTRANS 255 
  TABLESPACE "USERS" ;
--------------------------------------------------------
--  DDL for Index DJANGO_ADM_CONTENT_TY_C4BCE8EB
--------------------------------------------------------

  CREATE INDEX "SUSHIFU"."DJANGO_ADM_CONTENT_TY_C4BCE8EB" ON "SUSHIFU"."DJANGO_ADMIN_LOG" ("CONTENT_TYPE_ID") 
  PCTFREE 10 INITRANS 2 MAXTRANS 255 COMPUTE STATISTICS 
  TABLESPACE "USERS" ;
--------------------------------------------------------
--  DDL for Index DJANGO_ADM_USER_ID_C564EBA6
--------------------------------------------------------

  CREATE INDEX "SUSHIFU"."DJANGO_ADM_USER_ID_C564EBA6" ON "SUSHIFU"."DJANGO_ADMIN_LOG" ("USER_ID") 
  PCTFREE 10 INITRANS 2 MAXTRANS 255 COMPUTE STATISTICS 
  TABLESPACE "USERS" ;
--------------------------------------------------------
--  DDL for Index SYS_C0012286
--------------------------------------------------------

  CREATE UNIQUE INDEX "SUSHIFU"."SYS_C0012286" ON "SUSHIFU"."DJANGO_CONTENT_TYPE" ("ID") 
  PCTFREE 10 INITRANS 2 MAXTRANS 255 
  STORAGE(INITIAL 65536 NEXT 1048576 MINEXTENTS 1 MAXEXTENTS 2147483645
  PCTINCREASE 0 FREELISTS 1 FREELIST GROUPS 1
  BUFFER_POOL DEFAULT FLASH_CACHE DEFAULT CELL_FLASH_CACHE DEFAULT)
  TABLESPACE "USERS" ;
--------------------------------------------------------
--  DDL for Index DJANGO_CO_APP_LABEL_76BD3D3B_U
--------------------------------------------------------

  CREATE UNIQUE INDEX "SUSHIFU"."DJANGO_CO_APP_LABEL_76BD3D3B_U" ON "SUSHIFU"."DJANGO_CONTENT_TYPE" ("APP_LABEL", "MODEL") 
  PCTFREE 10 INITRANS 2 MAXTRANS 255 COMPUTE STATISTICS 
  STORAGE(INITIAL 65536 NEXT 1048576 MINEXTENTS 1 MAXEXTENTS 2147483645
  PCTINCREASE 0 FREELISTS 1 FREELIST GROUPS 1
  BUFFER_POOL DEFAULT FLASH_CACHE DEFAULT CELL_FLASH_CACHE DEFAULT)
  TABLESPACE "USERS" ;
--------------------------------------------------------
--  DDL for Index SYS_C0012284
--------------------------------------------------------

  CREATE UNIQUE INDEX "SUSHIFU"."SYS_C0012284" ON "SUSHIFU"."DJANGO_MIGRATIONS" ("ID") 
  PCTFREE 10 INITRANS 2 MAXTRANS 255 
  STORAGE(INITIAL 65536 NEXT 1048576 MINEXTENTS 1 MAXEXTENTS 2147483645
  PCTINCREASE 0 FREELISTS 1 FREELIST GROUPS 1
  BUFFER_POOL DEFAULT FLASH_CACHE DEFAULT CELL_FLASH_CACHE DEFAULT)
  TABLESPACE "USERS" ;
--------------------------------------------------------
--  DDL for Index SYS_C0012376
--------------------------------------------------------

  CREATE UNIQUE INDEX "SUSHIFU"."SYS_C0012376" ON "SUSHIFU"."DJANGO_SESSION" ("SESSION_KEY") 
  PCTFREE 10 INITRANS 2 MAXTRANS 255 
  STORAGE(INITIAL 65536 NEXT 1048576 MINEXTENTS 1 MAXEXTENTS 2147483645
  PCTINCREASE 0 FREELISTS 1 FREELIST GROUPS 1
  BUFFER_POOL DEFAULT FLASH_CACHE DEFAULT CELL_FLASH_CACHE DEFAULT)
  TABLESPACE "USERS" ;
--------------------------------------------------------
--  DDL for Index DJANGO_SES_EXPIRE_DAT_A5C62663
--------------------------------------------------------

  CREATE INDEX "SUSHIFU"."DJANGO_SES_EXPIRE_DAT_A5C62663" ON "SUSHIFU"."DJANGO_SESSION" ("EXPIRE_DATE") 
  PCTFREE 10 INITRANS 2 MAXTRANS 255 COMPUTE STATISTICS 
  STORAGE(INITIAL 65536 NEXT 1048576 MINEXTENTS 1 MAXEXTENTS 2147483645
  PCTINCREASE 0 FREELISTS 1 FREELIST GROUPS 1
  BUFFER_POOL DEFAULT FLASH_CACHE DEFAULT CELL_FLASH_CACHE DEFAULT)
  TABLESPACE "USERS" ;
--------------------------------------------------------
--  DDL for Index SYS_C0012369
--------------------------------------------------------

  CREATE UNIQUE INDEX "SUSHIFU"."SYS_C0012369" ON "SUSHIFU"."MTV_BOLETA" ("ID_ORDEN_ID") 
  PCTFREE 10 INITRANS 2 MAXTRANS 255 COMPUTE STATISTICS 
  TABLESPACE "USERS" ;
--------------------------------------------------------
--  DDL for Index SYS_C0012339
--------------------------------------------------------

  CREATE UNIQUE INDEX "SUSHIFU"."SYS_C0012339" ON "SUSHIFU"."MTV_BOLETA" ("ID_BOLETA") 
  PCTFREE 10 INITRANS 2 MAXTRANS 255 
  TABLESPACE "USERS" ;
--------------------------------------------------------
--  DDL for Index MTV_CARRO_ID_PRODUCT_C8C93BAF
--------------------------------------------------------

  CREATE INDEX "SUSHIFU"."MTV_CARRO_ID_PRODUCT_C8C93BAF" ON "SUSHIFU"."MTV_CARRO" ("ID_PRODUCTO_ID") 
  PCTFREE 10 INITRANS 2 MAXTRANS 255 COMPUTE STATISTICS 
  STORAGE(INITIAL 65536 NEXT 1048576 MINEXTENTS 1 MAXEXTENTS 2147483645
  PCTINCREASE 0 FREELISTS 1 FREELIST GROUPS 1
  BUFFER_POOL DEFAULT FLASH_CACHE DEFAULT CELL_FLASH_CACHE DEFAULT)
  TABLESPACE "USERS" ;
--------------------------------------------------------
--  DDL for Index SYS_C0012344
--------------------------------------------------------

  CREATE UNIQUE INDEX "SUSHIFU"."SYS_C0012344" ON "SUSHIFU"."MTV_CARRO" ("ID") 
  PCTFREE 10 INITRANS 2 MAXTRANS 255 
  STORAGE(INITIAL 65536 NEXT 1048576 MINEXTENTS 1 MAXEXTENTS 2147483645
  PCTINCREASE 0 FREELISTS 1 FREELIST GROUPS 1
  BUFFER_POOL DEFAULT FLASH_CACHE DEFAULT CELL_FLASH_CACHE DEFAULT)
  TABLESPACE "USERS" ;
--------------------------------------------------------
--  DDL for Index SYS_C0012365
--------------------------------------------------------

  CREATE UNIQUE INDEX "SUSHIFU"."SYS_C0012365" ON "SUSHIFU"."MTV_ORDEN" ("ID_ORDEN") 
  PCTFREE 10 INITRANS 2 MAXTRANS 255 
  STORAGE(INITIAL 65536 NEXT 1048576 MINEXTENTS 1 MAXEXTENTS 2147483645
  PCTINCREASE 0 FREELISTS 1 FREELIST GROUPS 1
  BUFFER_POOL DEFAULT FLASH_CACHE DEFAULT CELL_FLASH_CACHE DEFAULT)
  TABLESPACE "USERS" ;
--------------------------------------------------------
--  DDL for Index MTV_ORDEN_ID_CARRO_ID_6DB7A61F
--------------------------------------------------------

  CREATE INDEX "SUSHIFU"."MTV_ORDEN_ID_CARRO_ID_6DB7A61F" ON "SUSHIFU"."MTV_ORDEN" ("ID_CARRO_ID") 
  PCTFREE 10 INITRANS 2 MAXTRANS 255 COMPUTE STATISTICS 
  STORAGE(INITIAL 65536 NEXT 1048576 MINEXTENTS 1 MAXEXTENTS 2147483645
  PCTINCREASE 0 FREELISTS 1 FREELIST GROUPS 1
  BUFFER_POOL DEFAULT FLASH_CACHE DEFAULT CELL_FLASH_CACHE DEFAULT)
  TABLESPACE "USERS" ;
--------------------------------------------------------
--  DDL for Index SYS_C0012350
--------------------------------------------------------

  CREATE UNIQUE INDEX "SUSHIFU"."SYS_C0012350" ON "SUSHIFU"."MTV_PRODUCTO" ("ID_PRODUCTO") 
  PCTFREE 10 INITRANS 2 MAXTRANS 255 
  STORAGE(INITIAL 65536 NEXT 1048576 MINEXTENTS 1 MAXEXTENTS 2147483645
  PCTINCREASE 0 FREELISTS 1 FREELIST GROUPS 1
  BUFFER_POOL DEFAULT FLASH_CACHE DEFAULT CELL_FLASH_CACHE DEFAULT)
  TABLESPACE "USERS" ;
--------------------------------------------------------
--  DDL for Index SYS_C0012360
--------------------------------------------------------

  CREATE UNIQUE INDEX "SUSHIFU"."SYS_C0012360" ON "SUSHIFU"."MTV_REPORTE" ("ID_REPORTE") 
  PCTFREE 10 INITRANS 2 MAXTRANS 255 
  TABLESPACE "USERS" ;
--------------------------------------------------------
--  DDL for Index MTV_REPORT_ID_BOLETA__49C3FD62
--------------------------------------------------------

  CREATE INDEX "SUSHIFU"."MTV_REPORT_ID_BOLETA__49C3FD62" ON "SUSHIFU"."MTV_REPORTE" ("ID_BOLETA_ID") 
  PCTFREE 10 INITRANS 2 MAXTRANS 255 COMPUTE STATISTICS 
  TABLESPACE "USERS" ;
--------------------------------------------------------
--  DDL for Index SYS_C0012353
--------------------------------------------------------

  CREATE UNIQUE INDEX "SUSHIFU"."SYS_C0012353" ON "SUSHIFU"."MTV_USUARIO" ("ID") 
  PCTFREE 10 INITRANS 2 MAXTRANS 255 
  STORAGE(INITIAL 65536 NEXT 1048576 MINEXTENTS 1 MAXEXTENTS 2147483645
  PCTINCREASE 0 FREELISTS 1 FREELIST GROUPS 1
  BUFFER_POOL DEFAULT FLASH_CACHE DEFAULT CELL_FLASH_CACHE DEFAULT)
  TABLESPACE "USERS" ;
--------------------------------------------------------
--  DDL for Index SYS_C0012354
--------------------------------------------------------

  CREATE UNIQUE INDEX "SUSHIFU"."SYS_C0012354" ON "SUSHIFU"."MTV_USUARIO" ("USER_ID") 
  PCTFREE 10 INITRANS 2 MAXTRANS 255 
  STORAGE(INITIAL 65536 NEXT 1048576 MINEXTENTS 1 MAXEXTENTS 2147483645
  PCTINCREASE 0 FREELISTS 1 FREELIST GROUPS 1
  BUFFER_POOL DEFAULT FLASH_CACHE DEFAULT CELL_FLASH_CACHE DEFAULT)
  TABLESPACE "USERS" ;
--------------------------------------------------------
--  Constraints for Table AUTH_GROUP
--------------------------------------------------------

  ALTER TABLE "SUSHIFU"."AUTH_GROUP" MODIFY ("ID" NOT NULL ENABLE);
  ALTER TABLE "SUSHIFU"."AUTH_GROUP" ADD PRIMARY KEY ("ID")
  USING INDEX PCTFREE 10 INITRANS 2 MAXTRANS 255 
  TABLESPACE "USERS"  ENABLE;
  ALTER TABLE "SUSHIFU"."AUTH_GROUP" ADD UNIQUE ("NAME")
  USING INDEX PCTFREE 10 INITRANS 2 MAXTRANS 255 
  TABLESPACE "USERS"  ENABLE;
--------------------------------------------------------
--  Constraints for Table AUTH_GROUP_PERMISSIONS
--------------------------------------------------------

  ALTER TABLE "SUSHIFU"."AUTH_GROUP_PERMISSIONS" MODIFY ("ID" NOT NULL ENABLE);
  ALTER TABLE "SUSHIFU"."AUTH_GROUP_PERMISSIONS" MODIFY ("GROUP_ID" NOT NULL ENABLE);
  ALTER TABLE "SUSHIFU"."AUTH_GROUP_PERMISSIONS" MODIFY ("PERMISSION_ID" NOT NULL ENABLE);
  ALTER TABLE "SUSHIFU"."AUTH_GROUP_PERMISSIONS" ADD PRIMARY KEY ("ID")
  USING INDEX PCTFREE 10 INITRANS 2 MAXTRANS 255 
  TABLESPACE "USERS"  ENABLE;
  ALTER TABLE "SUSHIFU"."AUTH_GROUP_PERMISSIONS" ADD CONSTRAINT "AUTH_GROU_GROUP_ID__0CD325B0_U" UNIQUE ("GROUP_ID", "PERMISSION_ID")
  USING INDEX PCTFREE 10 INITRANS 2 MAXTRANS 255 COMPUTE STATISTICS 
  TABLESPACE "USERS"  ENABLE;
--------------------------------------------------------
--  Constraints for Table AUTH_PERMISSION
--------------------------------------------------------

  ALTER TABLE "SUSHIFU"."AUTH_PERMISSION" ADD CONSTRAINT "AUTH_PERM_CONTENT_T_01AB375A_U" UNIQUE ("CONTENT_TYPE_ID", "CODENAME")
  USING INDEX PCTFREE 10 INITRANS 2 MAXTRANS 255 COMPUTE STATISTICS 
  STORAGE(INITIAL 65536 NEXT 1048576 MINEXTENTS 1 MAXEXTENTS 2147483645
  PCTINCREASE 0 FREELISTS 1 FREELIST GROUPS 1
  BUFFER_POOL DEFAULT FLASH_CACHE DEFAULT CELL_FLASH_CACHE DEFAULT)
  TABLESPACE "USERS"  ENABLE;
  ALTER TABLE "SUSHIFU"."AUTH_PERMISSION" MODIFY ("ID" NOT NULL ENABLE);
  ALTER TABLE "SUSHIFU"."AUTH_PERMISSION" MODIFY ("CONTENT_TYPE_ID" NOT NULL ENABLE);
  ALTER TABLE "SUSHIFU"."AUTH_PERMISSION" ADD PRIMARY KEY ("ID")
  USING INDEX PCTFREE 10 INITRANS 2 MAXTRANS 255 
  STORAGE(INITIAL 65536 NEXT 1048576 MINEXTENTS 1 MAXEXTENTS 2147483645
  PCTINCREASE 0 FREELISTS 1 FREELIST GROUPS 1
  BUFFER_POOL DEFAULT FLASH_CACHE DEFAULT CELL_FLASH_CACHE DEFAULT)
  TABLESPACE "USERS"  ENABLE;
--------------------------------------------------------
--  Constraints for Table AUTH_USER
--------------------------------------------------------

  ALTER TABLE "SUSHIFU"."AUTH_USER" MODIFY ("ID" NOT NULL ENABLE);
  ALTER TABLE "SUSHIFU"."AUTH_USER" MODIFY ("IS_SUPERUSER" NOT NULL ENABLE);
  ALTER TABLE "SUSHIFU"."AUTH_USER" MODIFY ("IS_STAFF" NOT NULL ENABLE);
  ALTER TABLE "SUSHIFU"."AUTH_USER" MODIFY ("IS_ACTIVE" NOT NULL ENABLE);
  ALTER TABLE "SUSHIFU"."AUTH_USER" MODIFY ("DATE_JOINED" NOT NULL ENABLE);
  ALTER TABLE "SUSHIFU"."AUTH_USER" ADD CHECK ("IS_SUPERUSER" IN (0,1)) ENABLE;
  ALTER TABLE "SUSHIFU"."AUTH_USER" ADD CHECK ("IS_STAFF" IN (0,1)) ENABLE;
  ALTER TABLE "SUSHIFU"."AUTH_USER" ADD CHECK ("IS_ACTIVE" IN (0,1)) ENABLE;
  ALTER TABLE "SUSHIFU"."AUTH_USER" ADD PRIMARY KEY ("ID")
  USING INDEX PCTFREE 10 INITRANS 2 MAXTRANS 255 
  STORAGE(INITIAL 65536 NEXT 1048576 MINEXTENTS 1 MAXEXTENTS 2147483645
  PCTINCREASE 0 FREELISTS 1 FREELIST GROUPS 1
  BUFFER_POOL DEFAULT FLASH_CACHE DEFAULT CELL_FLASH_CACHE DEFAULT)
  TABLESPACE "USERS"  ENABLE;
  ALTER TABLE "SUSHIFU"."AUTH_USER" ADD UNIQUE ("USERNAME")
  USING INDEX PCTFREE 10 INITRANS 2 MAXTRANS 255 
  STORAGE(INITIAL 65536 NEXT 1048576 MINEXTENTS 1 MAXEXTENTS 2147483645
  PCTINCREASE 0 FREELISTS 1 FREELIST GROUPS 1
  BUFFER_POOL DEFAULT FLASH_CACHE DEFAULT CELL_FLASH_CACHE DEFAULT)
  TABLESPACE "USERS"  ENABLE;
--------------------------------------------------------
--  Constraints for Table AUTH_USER_GROUPS
--------------------------------------------------------

  ALTER TABLE "SUSHIFU"."AUTH_USER_GROUPS" MODIFY ("GROUP_ID" NOT NULL ENABLE);
  ALTER TABLE "SUSHIFU"."AUTH_USER_GROUPS" ADD PRIMARY KEY ("ID")
  USING INDEX PCTFREE 10 INITRANS 2 MAXTRANS 255 
  TABLESPACE "USERS"  ENABLE;
  ALTER TABLE "SUSHIFU"."AUTH_USER_GROUPS" MODIFY ("ID" NOT NULL ENABLE);
  ALTER TABLE "SUSHIFU"."AUTH_USER_GROUPS" MODIFY ("USER_ID" NOT NULL ENABLE);
  ALTER TABLE "SUSHIFU"."AUTH_USER_GROUPS" ADD CONSTRAINT "AUTH_USER_USER_ID_G_94350C0C_U" UNIQUE ("USER_ID", "GROUP_ID")
  USING INDEX PCTFREE 10 INITRANS 2 MAXTRANS 255 COMPUTE STATISTICS 
  TABLESPACE "USERS"  ENABLE;
--------------------------------------------------------
--  Constraints for Table AUTH_USER_USER_PERMISSIONS
--------------------------------------------------------

  ALTER TABLE "SUSHIFU"."AUTH_USER_USER_PERMISSIONS" MODIFY ("ID" NOT NULL ENABLE);
  ALTER TABLE "SUSHIFU"."AUTH_USER_USER_PERMISSIONS" MODIFY ("USER_ID" NOT NULL ENABLE);
  ALTER TABLE "SUSHIFU"."AUTH_USER_USER_PERMISSIONS" MODIFY ("PERMISSION_ID" NOT NULL ENABLE);
  ALTER TABLE "SUSHIFU"."AUTH_USER_USER_PERMISSIONS" ADD PRIMARY KEY ("ID")
  USING INDEX PCTFREE 10 INITRANS 2 MAXTRANS 255 
  TABLESPACE "USERS"  ENABLE;
  ALTER TABLE "SUSHIFU"."AUTH_USER_USER_PERMISSIONS" ADD CONSTRAINT "AUTH_USER_USER_ID_P_14A6B632_U" UNIQUE ("USER_ID", "PERMISSION_ID")
  USING INDEX PCTFREE 10 INITRANS 2 MAXTRANS 255 COMPUTE STATISTICS 
  TABLESPACE "USERS"  ENABLE;
--------------------------------------------------------
--  Constraints for Table DJANGO_ADMIN_LOG
--------------------------------------------------------

  ALTER TABLE "SUSHIFU"."DJANGO_ADMIN_LOG" MODIFY ("ID" NOT NULL ENABLE);
  ALTER TABLE "SUSHIFU"."DJANGO_ADMIN_LOG" MODIFY ("ACTION_TIME" NOT NULL ENABLE);
  ALTER TABLE "SUSHIFU"."DJANGO_ADMIN_LOG" MODIFY ("ACTION_FLAG" NOT NULL ENABLE);
  ALTER TABLE "SUSHIFU"."DJANGO_ADMIN_LOG" MODIFY ("USER_ID" NOT NULL ENABLE);
  ALTER TABLE "SUSHIFU"."DJANGO_ADMIN_LOG" ADD CHECK ("ACTION_FLAG" >= 0) ENABLE;
  ALTER TABLE "SUSHIFU"."DJANGO_ADMIN_LOG" ADD PRIMARY KEY ("ID")
  USING INDEX PCTFREE 10 INITRANS 2 MAXTRANS 255 
  TABLESPACE "USERS"  ENABLE;
--------------------------------------------------------
--  Constraints for Table DJANGO_CONTENT_TYPE
--------------------------------------------------------

  ALTER TABLE "SUSHIFU"."DJANGO_CONTENT_TYPE" MODIFY ("ID" NOT NULL ENABLE);
  ALTER TABLE "SUSHIFU"."DJANGO_CONTENT_TYPE" ADD PRIMARY KEY ("ID")
  USING INDEX PCTFREE 10 INITRANS 2 MAXTRANS 255 
  STORAGE(INITIAL 65536 NEXT 1048576 MINEXTENTS 1 MAXEXTENTS 2147483645
  PCTINCREASE 0 FREELISTS 1 FREELIST GROUPS 1
  BUFFER_POOL DEFAULT FLASH_CACHE DEFAULT CELL_FLASH_CACHE DEFAULT)
  TABLESPACE "USERS"  ENABLE;
  ALTER TABLE "SUSHIFU"."DJANGO_CONTENT_TYPE" ADD CONSTRAINT "DJANGO_CO_APP_LABEL_76BD3D3B_U" UNIQUE ("APP_LABEL", "MODEL")
  USING INDEX PCTFREE 10 INITRANS 2 MAXTRANS 255 COMPUTE STATISTICS 
  STORAGE(INITIAL 65536 NEXT 1048576 MINEXTENTS 1 MAXEXTENTS 2147483645
  PCTINCREASE 0 FREELISTS 1 FREELIST GROUPS 1
  BUFFER_POOL DEFAULT FLASH_CACHE DEFAULT CELL_FLASH_CACHE DEFAULT)
  TABLESPACE "USERS"  ENABLE;
--------------------------------------------------------
--  Constraints for Table DJANGO_MIGRATIONS
--------------------------------------------------------

  ALTER TABLE "SUSHIFU"."DJANGO_MIGRATIONS" MODIFY ("ID" NOT NULL ENABLE);
  ALTER TABLE "SUSHIFU"."DJANGO_MIGRATIONS" MODIFY ("APPLIED" NOT NULL ENABLE);
  ALTER TABLE "SUSHIFU"."DJANGO_MIGRATIONS" ADD PRIMARY KEY ("ID")
  USING INDEX PCTFREE 10 INITRANS 2 MAXTRANS 255 
  STORAGE(INITIAL 65536 NEXT 1048576 MINEXTENTS 1 MAXEXTENTS 2147483645
  PCTINCREASE 0 FREELISTS 1 FREELIST GROUPS 1
  BUFFER_POOL DEFAULT FLASH_CACHE DEFAULT CELL_FLASH_CACHE DEFAULT)
  TABLESPACE "USERS"  ENABLE;
--------------------------------------------------------
--  Constraints for Table DJANGO_SESSION
--------------------------------------------------------

  ALTER TABLE "SUSHIFU"."DJANGO_SESSION" MODIFY ("SESSION_KEY" NOT NULL ENABLE);
  ALTER TABLE "SUSHIFU"."DJANGO_SESSION" MODIFY ("EXPIRE_DATE" NOT NULL ENABLE);
  ALTER TABLE "SUSHIFU"."DJANGO_SESSION" ADD PRIMARY KEY ("SESSION_KEY")
  USING INDEX PCTFREE 10 INITRANS 2 MAXTRANS 255 
  STORAGE(INITIAL 65536 NEXT 1048576 MINEXTENTS 1 MAXEXTENTS 2147483645
  PCTINCREASE 0 FREELISTS 1 FREELIST GROUPS 1
  BUFFER_POOL DEFAULT FLASH_CACHE DEFAULT CELL_FLASH_CACHE DEFAULT)
  TABLESPACE "USERS"  ENABLE;
--------------------------------------------------------
--  Constraints for Table MTV_BOLETA
--------------------------------------------------------

  ALTER TABLE "SUSHIFU"."MTV_BOLETA" MODIFY ("ID_BOLETA" NOT NULL ENABLE);
  ALTER TABLE "SUSHIFU"."MTV_BOLETA" MODIFY ("FECHA" NOT NULL ENABLE);
  ALTER TABLE "SUSHIFU"."MTV_BOLETA" MODIFY ("TOTAL" NOT NULL ENABLE);
  ALTER TABLE "SUSHIFU"."MTV_BOLETA" ADD PRIMARY KEY ("ID_BOLETA")
  USING INDEX PCTFREE 10 INITRANS 2 MAXTRANS 255 
  TABLESPACE "USERS"  ENABLE;
  ALTER TABLE "SUSHIFU"."MTV_BOLETA" MODIFY ("ID_ORDEN_ID" NOT NULL ENABLE);
  ALTER TABLE "SUSHIFU"."MTV_BOLETA" ADD UNIQUE ("ID_ORDEN_ID")
  USING INDEX PCTFREE 10 INITRANS 2 MAXTRANS 255 COMPUTE STATISTICS 
  TABLESPACE "USERS"  ENABLE;
--------------------------------------------------------
--  Constraints for Table MTV_CARRO
--------------------------------------------------------

  ALTER TABLE "SUSHIFU"."MTV_CARRO" MODIFY ("ID" NOT NULL ENABLE);
  ALTER TABLE "SUSHIFU"."MTV_CARRO" MODIFY ("ID_CARRO" NOT NULL ENABLE);
  ALTER TABLE "SUSHIFU"."MTV_CARRO" MODIFY ("PRECIO_PRODUCTO" NOT NULL ENABLE);
  ALTER TABLE "SUSHIFU"."MTV_CARRO" MODIFY ("CANTIDAD_PRODUCTO" NOT NULL ENABLE);
  ALTER TABLE "SUSHIFU"."MTV_CARRO" ADD PRIMARY KEY ("ID")
  USING INDEX PCTFREE 10 INITRANS 2 MAXTRANS 255 
  STORAGE(INITIAL 65536 NEXT 1048576 MINEXTENTS 1 MAXEXTENTS 2147483645
  PCTINCREASE 0 FREELISTS 1 FREELIST GROUPS 1
  BUFFER_POOL DEFAULT FLASH_CACHE DEFAULT CELL_FLASH_CACHE DEFAULT)
  TABLESPACE "USERS"  ENABLE;
  ALTER TABLE "SUSHIFU"."MTV_CARRO" MODIFY ("ID_PRODUCTO_ID" NOT NULL ENABLE);
--------------------------------------------------------
--  Constraints for Table MTV_ORDEN
--------------------------------------------------------

  ALTER TABLE "SUSHIFU"."MTV_ORDEN" MODIFY ("ID_ORDEN" NOT NULL ENABLE);
  ALTER TABLE "SUSHIFU"."MTV_ORDEN" MODIFY ("FECHA_HORA" NOT NULL ENABLE);
  ALTER TABLE "SUSHIFU"."MTV_ORDEN" MODIFY ("TOTAL" NOT NULL ENABLE);
  ALTER TABLE "SUSHIFU"."MTV_ORDEN" MODIFY ("ID_CARRO_ID" NOT NULL ENABLE);
  ALTER TABLE "SUSHIFU"."MTV_ORDEN" ADD PRIMARY KEY ("ID_ORDEN")
  USING INDEX PCTFREE 10 INITRANS 2 MAXTRANS 255 
  STORAGE(INITIAL 65536 NEXT 1048576 MINEXTENTS 1 MAXEXTENTS 2147483645
  PCTINCREASE 0 FREELISTS 1 FREELIST GROUPS 1
  BUFFER_POOL DEFAULT FLASH_CACHE DEFAULT CELL_FLASH_CACHE DEFAULT)
  TABLESPACE "USERS"  ENABLE;
--------------------------------------------------------
--  Constraints for Table MTV_PRODUCTO
--------------------------------------------------------

  ALTER TABLE "SUSHIFU"."MTV_PRODUCTO" MODIFY ("ID_PRODUCTO" NOT NULL ENABLE);
  ALTER TABLE "SUSHIFU"."MTV_PRODUCTO" MODIFY ("STOCK" NOT NULL ENABLE);
  ALTER TABLE "SUSHIFU"."MTV_PRODUCTO" MODIFY ("PRECIO" NOT NULL ENABLE);
  ALTER TABLE "SUSHIFU"."MTV_PRODUCTO" MODIFY ("CATALOGO" NOT NULL ENABLE);
  ALTER TABLE "SUSHIFU"."MTV_PRODUCTO" ADD CHECK ("CATALOGO" IN (0,1)) ENABLE;
  ALTER TABLE "SUSHIFU"."MTV_PRODUCTO" ADD PRIMARY KEY ("ID_PRODUCTO")
  USING INDEX PCTFREE 10 INITRANS 2 MAXTRANS 255 
  STORAGE(INITIAL 65536 NEXT 1048576 MINEXTENTS 1 MAXEXTENTS 2147483645
  PCTINCREASE 0 FREELISTS 1 FREELIST GROUPS 1
  BUFFER_POOL DEFAULT FLASH_CACHE DEFAULT CELL_FLASH_CACHE DEFAULT)
  TABLESPACE "USERS"  ENABLE;
--------------------------------------------------------
--  Constraints for Table MTV_REPORTE
--------------------------------------------------------

  ALTER TABLE "SUSHIFU"."MTV_REPORTE" MODIFY ("ID_REPORTE" NOT NULL ENABLE);
  ALTER TABLE "SUSHIFU"."MTV_REPORTE" MODIFY ("FECHA_PERIODO" NOT NULL ENABLE);
  ALTER TABLE "SUSHIFU"."MTV_REPORTE" MODIFY ("TOTAL_BOLETA" NOT NULL ENABLE);
  ALTER TABLE "SUSHIFU"."MTV_REPORTE" MODIFY ("TOTAL_PERIODO" NOT NULL ENABLE);
  ALTER TABLE "SUSHIFU"."MTV_REPORTE" MODIFY ("ID_BOLETA_ID" NOT NULL ENABLE);
  ALTER TABLE "SUSHIFU"."MTV_REPORTE" ADD PRIMARY KEY ("ID_REPORTE")
  USING INDEX PCTFREE 10 INITRANS 2 MAXTRANS 255 
  TABLESPACE "USERS"  ENABLE;
--------------------------------------------------------
--  Constraints for Table MTV_USUARIO
--------------------------------------------------------

  ALTER TABLE "SUSHIFU"."MTV_USUARIO" MODIFY ("ID" NOT NULL ENABLE);
  ALTER TABLE "SUSHIFU"."MTV_USUARIO" MODIFY ("USER_ID" NOT NULL ENABLE);
  ALTER TABLE "SUSHIFU"."MTV_USUARIO" ADD PRIMARY KEY ("ID")
  USING INDEX PCTFREE 10 INITRANS 2 MAXTRANS 255 
  STORAGE(INITIAL 65536 NEXT 1048576 MINEXTENTS 1 MAXEXTENTS 2147483645
  PCTINCREASE 0 FREELISTS 1 FREELIST GROUPS 1
  BUFFER_POOL DEFAULT FLASH_CACHE DEFAULT CELL_FLASH_CACHE DEFAULT)
  TABLESPACE "USERS"  ENABLE;
  ALTER TABLE "SUSHIFU"."MTV_USUARIO" ADD UNIQUE ("USER_ID")
  USING INDEX PCTFREE 10 INITRANS 2 MAXTRANS 255 
  STORAGE(INITIAL 65536 NEXT 1048576 MINEXTENTS 1 MAXEXTENTS 2147483645
  PCTINCREASE 0 FREELISTS 1 FREELIST GROUPS 1
  BUFFER_POOL DEFAULT FLASH_CACHE DEFAULT CELL_FLASH_CACHE DEFAULT)
  TABLESPACE "USERS"  ENABLE;
--------------------------------------------------------
--  Ref Constraints for Table AUTH_GROUP_PERMISSIONS
--------------------------------------------------------

  ALTER TABLE "SUSHIFU"."AUTH_GROUP_PERMISSIONS" ADD CONSTRAINT "AUTH_GROU_GROUP_ID_B120CBF9_F" FOREIGN KEY ("GROUP_ID")
	  REFERENCES "SUSHIFU"."AUTH_GROUP" ("ID") DEFERRABLE INITIALLY DEFERRED ENABLE;
  ALTER TABLE "SUSHIFU"."AUTH_GROUP_PERMISSIONS" ADD CONSTRAINT "AUTH_GROU_PERMISSIO_84C5C92E_F" FOREIGN KEY ("PERMISSION_ID")
	  REFERENCES "SUSHIFU"."AUTH_PERMISSION" ("ID") DEFERRABLE INITIALLY DEFERRED ENABLE;
--------------------------------------------------------
--  Ref Constraints for Table AUTH_PERMISSION
--------------------------------------------------------

  ALTER TABLE "SUSHIFU"."AUTH_PERMISSION" ADD CONSTRAINT "AUTH_PERM_CONTENT_T_2F476E4B_F" FOREIGN KEY ("CONTENT_TYPE_ID")
	  REFERENCES "SUSHIFU"."DJANGO_CONTENT_TYPE" ("ID") DEFERRABLE INITIALLY DEFERRED ENABLE;
--------------------------------------------------------
--  Ref Constraints for Table AUTH_USER_GROUPS
--------------------------------------------------------

  ALTER TABLE "SUSHIFU"."AUTH_USER_GROUPS" ADD CONSTRAINT "AUTH_USER_USER_ID_6A12ED8B_F" FOREIGN KEY ("USER_ID")
	  REFERENCES "SUSHIFU"."AUTH_USER" ("ID") DEFERRABLE INITIALLY DEFERRED ENABLE;
  ALTER TABLE "SUSHIFU"."AUTH_USER_GROUPS" ADD CONSTRAINT "AUTH_USER_GROUP_ID_97559544_F" FOREIGN KEY ("GROUP_ID")
	  REFERENCES "SUSHIFU"."AUTH_GROUP" ("ID") DEFERRABLE INITIALLY DEFERRED ENABLE;
--------------------------------------------------------
--  Ref Constraints for Table AUTH_USER_USER_PERMISSIONS
--------------------------------------------------------

  ALTER TABLE "SUSHIFU"."AUTH_USER_USER_PERMISSIONS" ADD CONSTRAINT "AUTH_USER_USER_ID_A95EAD1B_F" FOREIGN KEY ("USER_ID")
	  REFERENCES "SUSHIFU"."AUTH_USER" ("ID") DEFERRABLE INITIALLY DEFERRED ENABLE;
  ALTER TABLE "SUSHIFU"."AUTH_USER_USER_PERMISSIONS" ADD CONSTRAINT "AUTH_USER_PERMISSIO_1FBB5F2C_F" FOREIGN KEY ("PERMISSION_ID")
	  REFERENCES "SUSHIFU"."AUTH_PERMISSION" ("ID") DEFERRABLE INITIALLY DEFERRED ENABLE;
--------------------------------------------------------
--  Ref Constraints for Table DJANGO_ADMIN_LOG
--------------------------------------------------------

  ALTER TABLE "SUSHIFU"."DJANGO_ADMIN_LOG" ADD CONSTRAINT "DJANGO_AD_CONTENT_T_C4BCE8EB_F" FOREIGN KEY ("CONTENT_TYPE_ID")
	  REFERENCES "SUSHIFU"."DJANGO_CONTENT_TYPE" ("ID") DEFERRABLE INITIALLY DEFERRED ENABLE;
  ALTER TABLE "SUSHIFU"."DJANGO_ADMIN_LOG" ADD CONSTRAINT "DJANGO_AD_USER_ID_C564EBA6_F" FOREIGN KEY ("USER_ID")
	  REFERENCES "SUSHIFU"."AUTH_USER" ("ID") DEFERRABLE INITIALLY DEFERRED ENABLE;
--------------------------------------------------------
--  Ref Constraints for Table MTV_BOLETA
--------------------------------------------------------

  ALTER TABLE "SUSHIFU"."MTV_BOLETA" ADD CONSTRAINT "MTV_BOLET_ID_ORDEN__17ACBBDF_F" FOREIGN KEY ("ID_ORDEN_ID")
	  REFERENCES "SUSHIFU"."MTV_ORDEN" ("ID_ORDEN") DEFERRABLE INITIALLY DEFERRED ENABLE;
--------------------------------------------------------
--  Ref Constraints for Table MTV_CARRO
--------------------------------------------------------

  ALTER TABLE "SUSHIFU"."MTV_CARRO" ADD CONSTRAINT "MTV_CARRO_ID_PRODUC_C8C93BAF_F" FOREIGN KEY ("ID_PRODUCTO_ID")
	  REFERENCES "SUSHIFU"."MTV_PRODUCTO" ("ID_PRODUCTO") DEFERRABLE INITIALLY DEFERRED ENABLE;
--------------------------------------------------------
--  Ref Constraints for Table MTV_ORDEN
--------------------------------------------------------

  ALTER TABLE "SUSHIFU"."MTV_ORDEN" ADD CONSTRAINT "MTV_ORDEN_ID_CARRO__6DB7A61F_F" FOREIGN KEY ("ID_CARRO_ID")
	  REFERENCES "SUSHIFU"."MTV_CARRO" ("ID") DEFERRABLE INITIALLY DEFERRED ENABLE;
--------------------------------------------------------
--  Ref Constraints for Table MTV_REPORTE
--------------------------------------------------------

  ALTER TABLE "SUSHIFU"."MTV_REPORTE" ADD CONSTRAINT "MTV_REPOR_ID_BOLETA_49C3FD62_F" FOREIGN KEY ("ID_BOLETA_ID")
	  REFERENCES "SUSHIFU"."MTV_BOLETA" ("ID_BOLETA") DEFERRABLE INITIALLY DEFERRED ENABLE;
--------------------------------------------------------
--  Ref Constraints for Table MTV_USUARIO
--------------------------------------------------------

  ALTER TABLE "SUSHIFU"."MTV_USUARIO" ADD CONSTRAINT "MTV_USUAR_USER_ID_07539488_F" FOREIGN KEY ("USER_ID")
	  REFERENCES "SUSHIFU"."AUTH_USER" ("ID") DEFERRABLE INITIALLY DEFERRED ENABLE;
